"Test","Coefficient","P_Value","Significant"
"Pearson",-0.859771004194929,5.89188272983565e-07,TRUE
"Spearman",-0.85630689206762,7.32464094627711e-07,TRUE
