"Test","Coefficient","Statistic","P_Value","Significant"
"Pearson",-0.846057470983143,-6.34830726609304,9.66894336055748e-06,TRUE
"Spearman",-0.862603305785124,1804.86260330579,4.11232451567512e-06,TRUE
