"Metric","Pre","Post","Change_Pre_to_Post","PctChange_Pre_to_Post"
"Nodes",25,17,-8,-32
"Edges",223,112,-111,-49.7757847533632
"Density",0.743333333333333,0.823529411764706,0.0801960784313726,10.7887101028752
"Mean Degree",17.84,13.1764705882353,-4.66352941176471,-26.1408599314165
"Transitivity",1,1,0,0
"Avg Path Length",NA,NA,NA,NA
"Modularity",0.0351302597207507,0.0477093316017013,0.0125790718809505,35.8069424505858
"Components",5,3,-2,-40
